﻿<?xml version="1.0" encoding="utf-8" ?>
<grid>
  <row ID="1">
    <Name>Alan Adder</Name>
  </row>
  <row ID="2">
    <Name>Belinda Blair</Name>
  </row>
  <row ID="3">
    <Name>Colin Carpenter</Name>
  </row>
  <row ID="4">
    <Name>Daniel Diamond</Name>
  </row>
  <col ID="7">
    <Name>Art</Name>
  </col>
  <col ID="4">
    <Name>Biology</Name>
  </col>
  <col ID="5">
    <Name>Chemistry</Name>
  </col>
  <col ID="3">
    <Name>English Lang.</Name>
  </col>
  <col ID="2">
    <Name>English Lit.</Name>
  </col>
  <col ID="8">
    <Name>Geography</Name>
  </col>
  <col ID="9">
    <Name>History</Name>
  </col>
  <col ID="1">
    <Name>Maths</Name>
  </col>
  <col ID="6">
    <Name>Physics</Name>
  </col>
  <cell rowID="1" colID="7" />
  <cell rowID="1" colID="4" />
  <cell rowID="1" colID="5" />
  <cell rowID="1" colID="3" ID="1" />
  <cell rowID="1" colID="2" ID="5" />
  <cell rowID="1" colID="8" />
  <cell rowID="1" colID="9" />
  <cell rowID="1" colID="1" ID="9" currentGrade="6" targetGrade="7"/>
  <cell rowID="1" colID="6" />
  <cell rowID="2" colID="7" />
  <cell rowID="2" colID="4" />
  <cell rowID="2" colID="5" />
  <cell rowID="2" colID="3" ID="2" />
  <cell rowID="2" colID="2" ID="6" />
  <cell rowID="2" colID="8" />
  <cell rowID="2" colID="9" />
  <cell rowID="2" colID="1" ID="10" />
  <cell rowID="2" colID="6" />
  <cell rowID="3" colID="7" />
  <cell rowID="3" colID="4" />
  <cell rowID="3" colID="5" />
  <cell rowID="3" colID="3" ID="3" />
  <cell rowID="3" colID="2" ID="7" />
  <cell rowID="3" colID="8" />
  <cell rowID="3" colID="9" />
  <cell rowID="3" colID="1" ID="11" />
  <cell rowID="3" colID="6" />
  <cell rowID="4" colID="7" />
  <cell rowID="4" colID="4" />
  <cell rowID="4" colID="5" />
  <cell rowID="4" colID="3" ID="4" />
  <cell rowID="4" colID="2" ID="8" />
  <cell rowID="4" colID="8" />
  <cell rowID="4" colID="9" />
  <cell rowID="4" colID="1" ID="12" />
  <cell rowID="4" colID="6" />
</grid>
